Workbook

Sheet Executive
A1: Virksomhetsstyring 2026 | Executive Cockpit | N1: Maaned | O1: Dato | P1: Regnskap | Q1: Budsjett | R1: FC1_2026 | S1: FC2_2026 | T1: LE_2026 | V1: Fakultet | W1: Fakultetsnavn | X1: Regnskap | Y1: Budsjett | Z1: LE | AA1: Forecastavvik
A2: Excel-modell basert på alle 109 396 leverte kilderader • Regnskap, budsjett, forecast, tiltak, bemanning og studieproduksjon | N2: 202601 | O2: 46023 | P2: 886590.89 | Q2: 894153.22 | R2: 3099875.3 | S2: 3099875.3 | T2: 3099875.3 | V2: FAK-KF | W2: Kunstfag | X2: 1945213.3 | Y2: 1967731.7 | Z2: 6592504.4 | AA2: 4624772.7
N3: 202602 | O3: 46054 | P3: 885568.37 | Q3: 894318.26 | R3: 3017684.3 | S3: 3017684.3 | T3: 3017684.3 | V3: FAK-HI | W3: Helse- og idrettsvitenskap | X3: 1859939.2 | Y3: 1882463.2 | Z3: 6416946.8 | AA3: 4534483.5
A4: Årsbudsjett | B4: Latest Estimate | C4: Forecastavvik | D4: Forecast etter tiltak | N4: 202603 | O4: 46082 | P4: 882743.84 | Q4: 895847.16 | R4: 3042930.1 | S4: 3042930.1 | T4: 3042930.1 | V4: FAK-SV | W4: Samfunnsvitenskap | X4: 1396541.7 | Y4: 1413910.3 | Z4: 5572155.3 | AA4: 4158245
A5: =_xlfn.XLOOKUP("Årsbudsjett",Benchmarks!A:A,Benchmarks!B:B) -> 10747733 | B5: =_xlfn.XLOOKUP("Latest Estimate",Benchmarks!A:A,Benchmarks!B:B) -> 36793524 | C5: =_xlfn.XLOOKUP("Forecastavvik",Benchmarks!A:A,Benchmarks!B:B) -> 26045791 | D5: =_xlfn.XLOOKUP("Forecast etter tiltak",Benchmarks!A:A,Benchmarks!B:B) -> 26788524 | N5: 202604 | O5: 46113 | P5: 884688.6 | Q5: 898814.14 | R5: 3009968.2 | S5: 3009968.2 | T5: 3009968.2 | V5: FAK-TR | W5: Teknologi og realfag | X5: 1514986.5 | Y5: 1533245.4 | Z5: 5423355.5 | AA5: 3890110.1
N6: 202605 | O6: 46143 | P6: 886594.01 | Q6: 894976.25 | R6: 2753059.2 | S6: 3063401.3 | T6: 3063401.3 | V6: FAK-HH | W6: Handelshoyskolen | X6: 1473313.3 | Y6: 1490346.8 | Z6: 4851121.6 | AA6: 3360774.8
A7: Netto regnskap | B7: Realiseringsgrad | C7: Årsverk | D7: SPE60 | N7: 202606 | O7: 46174 | P7: 878946.8 | Q7: 893181.32 | R7: 2726527.4 | S7: 3015779.1 | T7: 3015779.1 | V7: FEL-ADM | W7: Fellesadministrasjon | X7: 1199148.3 | Y7: 1216056.8 | Z7: 4039471.5 | AA7: 2823414.7
A8: =_xlfn.XLOOKUP("Netto regnskap",Benchmarks!A:A,Benchmarks!B:B) -> 10617128 | B8: =_xlfn.XLOOKUP("Realiseringsgrad",Benchmarks!A:A,Benchmarks!B:B) -> 0.5559302 | C8: =_xlfn.XLOOKUP("Årsverk siste måned",Benchmarks!A:A,Benchmarks!B:B) -> 1285.93 | D8: =_xlfn.XLOOKUP("SPE60 helår",Benchmarks!A:A,Benchmarks!B:B) -> 5615.738 | N8: 202607 | O8: 46204 | P8: 882587.44 | Q8: 895462.67 | R8: 2547474 | S8: 2998834.7 | T8: 2998834.7 | V8: FAK-HP | W8: Humaniora og pedagogikk | X8: 1227985.9 | Y8: 1243978.5 | Z8: 3897969.2 | AA8: 2653990.7
N9: 202608 | O9: 46235 | P9: 881030.94 | Q9: 892991.49 | R9: 2972320.6 | S9: 3009861 | T9: 3009861
A10: Styringssignal | B10: Status | C10: Terskel / nivå | D10: Anbefalt handling | N10: 202609 | O10: 46266 | P10: 888804.07 | Q10: 896365.57 | R10: 3271950.6 | S10: 3596687.1 | T10: 3080740.8
A11: Forecastavvik | B11: RØD | C11: > 5% | D11: Krev korrigerende tiltak | N11: 202610 | O11: 46296 | P11: 885955.13 | Q11: 895660.2 | R11: 3397240.3 | S11: 3012557.8 | T11: 3013998.7
A12: Tiltaksrealisering | B12: GUL | C12: 55,6% mot mål >70% | D12: Akselerer realisering | N12: 202611 | O12: 46327 | P12: 882682.31 | Q12: 894175.47 | R12: 2803889.7 | S12: 2516820.2 | T12: 2433558.6
A13: Studiepoengmål | B13: GUL | C13: 86,4% mot mål ≥90% | D13: Følg opp programnivå | N13: 202612 | O13: 46357 | P13: 890935.79 | Q13: 901787.07 | R13: 2829716.1 | S13: 2571760 | T13: 4006892.1
A15: RAG-terskler
A16: Forecast | B16: Grønn ≤2% | C16: Gul 2–5% | D16: Rød >5%
A17: Studiepoeng | B17: Grønn ≥90% | C17: Gul 80–90% | D17: Rød <80%
A18: Tiltak | B18: Grønn gjennomført | C18: Gul pågår | D18: Rød forsinket

Sheet Monthly
A1: Maaned | B1: Dato | C1: Regnskap | D1: Budsjett | E1: FC1_2026 | F1: FC2_2026 | G1: LE_2026
A2: 202601 | B2: 46023 | C2: 886590.89 | D2: 894153.22 | E2: 3099875.3 | F2: 3099875.3 | G2: 3099875.3
A3: 202602 | B3: 46054 | C3: 885568.37 | D3: 894318.26 | E3: 3017684.3 | F3: 3017684.3 | G3: 3017684.3
A4: 202603 | B4: 46082 | C4: 882743.84 | D4: 895847.16 | E4: 3042930.1 | F4: 3042930.1 | G4: 3042930.1
A5: 202604 | B5: 46113 | C5: 884688.6 | D5: 898814.14 | E5: 3009968.2 | F5: 3009968.2 | G5: 3009968.2
A6: 202605 | B6: 46143 | C6: 886594.01 | D6: 894976.25 | E6: 2753059.2 | F6: 3063401.3 | G6: 3063401.3
A7: 202606 | B7: 46174 | C7: 878946.8 | D7: 893181.32 | E7: 2726527.4 | F7: 3015779.1 | G7: 3015779.1
A8: 202607 | B8: 46204 | C8: 882587.44 | D8: 895462.67 | E8: 2547474 | F8: 2998834.7 | G8: 2998834.7
A9: 202608 | B9: 46235 | C9: 881030.94 | D9: 892991.49 | E9: 2972320.6 | F9: 3009861 | G9: 3009861
A10: 202609 | B10: 46266 | C10: 888804.07 | D10: 896365.57 | E10: 3271950.6 | F10: 3596687.1 | G10: 3080740.8
A11: 202610 | B11: 46296 | C11: 885955.13 | D11: 895660.2 | E11: 3397240.3 | F11: 3012557.8 | G11: 3013998.7
A12: 202611 | B12: 46327 | C12: 882682.31 | D12: 894175.47 | E12: 2803889.7 | F12: 2516820.2 | G12: 2433558.6
A13: 202612 | B13: 46357 | C13: 890935.79 | D13: 901787.07 | E13: 2829716.1 | F13: 2571760 | G13: 4006892.1

Sheet Faculty
A1: Fakultet | B1: Fakultetsnavn | C1: Regnskap | D1: Budsjett | E1: LE | F1: Forecastavvik | G1: ForecastavvikPct | H1: Aarsverk | I1: FagligeAarsverk | J1: RegistrerteStudenter | K1: StudenterPerFagligAarsverk
A2: FAK-HH | B2: Handelshoyskolen | C2: 1473313.3 | D2: 1490346.8 | E2: 4851121.6 | F2: =E2-D2 -> 3360774.8 | G2: =IFERROR(F2/D2,"") -> 2.2550287 | H2: 152.55 | I2: 93.36 | J2: 1441 | K2: 15.4349
A3: FAK-HI | B3: Helse- og idrettsvitenskap | C3: 1859939.2 | D3: 1882463.2 | E3: 6416946.8 | F3: =E3-D3 -> 4534483.5 | G3: =IFERROR(F3/D3,"") -> 2.4088032 | H3: 169.62 | I3: 102.98 | J3: 817 | K3: 7.9336
A4: FAK-HP | B4: Humaniora og pedagogikk | C4: 1227985.9 | D4: 1243978.5 | E4: 3897969.2 | F4: =E4-D4 -> 2653990.7 | G4: =IFERROR(F4/D4,"") -> 2.1334699 | H4: 193.64 | I4: 117.69 | J4: 1007 | K4: 8.5564
A5: FAK-KF | B5: Kunstfag | C5: 1945213.3 | D5: 1967731.7 | E5: 6592504.4 | F5: =E5-D5 -> 4624772.7 | G5: =IFERROR(F5/D5,"") -> 2.3503066 | H5: 154.78 | I5: 94.15 | J5: 831 | K5: 8.8263
A6: FAK-SV | B6: Samfunnsvitenskap | C6: 1396541.7 | D6: 1413910.3 | E6: 5572155.3 | F6: =E6-D6 -> 4158245 | G6: =IFERROR(F6/D6,"") -> 2.9409539 | H6: 229.36 | I6: 139.2 | J6: 984 | K6: 7.069
A7: FAK-TR | B7: Teknologi og realfag | C7: 1514986.5 | D7: 1533245.4 | E7: 5423355.5 | F7: =E7-D7 -> 3890110.1 | G7: =IFERROR(F7/D7,"") -> 2.5371737 | H7: 172.74 | I7: 105.83 | J7: 1410 | K7: 13.3233
A8: FEL-ADM | B8: Fellesadministrasjon | C8: 1199148.3 | D8: 1216056.8 | E8: 4039471.5 | F8: =E8-D8 -> 2823414.7 | G8: =IFERROR(F8/D8,"") -> 2.3217787 | H8: 213.24 | I8: 8.56

Sheet Institute
A1: Fakultet | B1: Fakultetsnavn | C1: Institutt | D1: Instituttnavn | E1: Regnskap | F1: Budsjett | G1: LE | H1: Forecastavvik | I1: ForecastavvikPct | J1: Aarsverk | K1: FagligeAarsverk | L1: RegistrerteStudenter | M1: StudenterPerFagligAarsverk
A2: FAK-HH | B2: Handelshoyskolen | C2: I001 | D2: Institutt/enhet 1 - Handelshoyskolen | E2: 374499.8 | F2: 378990.31 | G2: 1260435.1 | H2: =G2-F2 -> 881444.84 | I2: =IFERROR(H2/F2,"") -> 2.3257714 | J2: 40.02 | K2: 24.56 | L2: 499 | M2: 20.3176
A3: FAK-HH | B3: Handelshoyskolen | C3: I002 | D3: Institutt/enhet 2 - Handelshoyskolen | E3: 472672 | F3: 479917.72 | G3: 1551841.2 | H3: =G3-F3 -> 1071923.4 | I3: =IFERROR(H3/F3,"") -> 2.2335567 | J3: 56.66 | K3: 34.58 | L3: 516 | M3: 14.9219
A4: FAK-HH | B4: Handelshoyskolen | C4: I003 | D4: Institutt/enhet 3 - Handelshoyskolen | E4: 626141.52 | F4: 631438.77 | G4: 2038845.3 | H4: =G4-F4 -> 1407406.5 | I4: =IFERROR(H4/F4,"") -> 2.2288883 | J4: 55.87 | K4: 34.22 | L4: 426 | M4: 12.4489
A5: FAK-HI | B5: Helse- og idrettsvitenskap | C5: I004 | D5: Institutt/enhet 1 - Helse- og idrettsvitenskap | E5: 753993.56 | F5: 763474.75 | G5: 2763386 | H5: =G5-F5 -> 1999911.3 | I5: =IFERROR(H5/F5,"") -> 2.6194858 | J5: 48.25 | K5: 29.39 | L5: 207 | M5: 7.0432
A6: FAK-HI | B6: Helse- og idrettsvitenskap | C6: I005 | D6: Institutt/enhet 2 - Helse- og idrettsvitenskap | E6: 542856.61 | F6: 546529.5 | G6: 1765783.4 | H6: =G6-F6 -> 1219253.9 | I6: =IFERROR(H6/F6,"") -> 2.2309023 | J6: 66.18 | K6: 40.2 | L6: 269 | M6: 6.6915
A7: FAK-HI | B7: Helse- og idrettsvitenskap | C7: I006 | D7: Institutt/enhet 3 - Helse- og idrettsvitenskap | E7: 563089.02 | F7: 572459 | G7: 1887777.3 | H7: =G7-F7 -> 1315318.3 | I7: =IFERROR(H7/F7,"") -> 2.2976638 | J7: 55.19 | K7: 33.39 | L7: 341 | M7: 10.2126
A8: FAK-HP | B8: Humaniora og pedagogikk | C8: I007 | D8: Institutt/enhet 1 - Humaniora og pedagogikk | E8: 394131.9 | F8: 400089.92 | G8: 1507751.7 | H8: =G8-F8 -> 1107661.8 | I8: =IFERROR(H8/F8,"") -> 2.7685321 | J8: 77.01 | K8: 46.87 | L8: 227 | M8: 4.8432
A9: FAK-HP | B9: Humaniora og pedagogikk | C9: I008 | D9: Institutt/enhet 2 - Humaniora og pedagogikk | E9: 416758.7 | F9: 421016.06 | G9: 1127464.1 | H9: =G9-F9 -> 706447.99 | I9: =IFERROR(H9/F9,"") -> 1.6779597 | J9: 56.92 | K9: 34.48 | L9: 469 | M9: 13.6021
A10: FAK-HP | B10: Humaniora og pedagogikk | C10: I009 | D10: Institutt/enhet 3 - Humaniora og pedagogikk | E10: 417095.33 | F10: 422872.54 | G10: 1262753.4 | H10: =G10-F10 -> 839880.91 | I10: =IFERROR(H10/F10,"") -> 1.9861325 | J10: 59.71 | K10: 36.34 | L10: 311 | M10: 8.5581
A11: FAK-KF | B11: Kunstfag | C11: I010 | D11: Institutt/enhet 1 - Kunstfag | E11: 690324.68 | F11: 702638.9 | G11: 2607040 | H11: =G11-F11 -> 1904401.1 | I11: =IFERROR(H11/F11,"") -> 2.7103553 | J11: 40.42 | K11: 24.66 | L11: 297 | M11: 12.0438
A12: FAK-KF | B12: Kunstfag | C12: I011 | D12: Institutt/enhet 2 - Kunstfag | E12: 571542.75 | F12: 577498.62 | G12: 1772798.3 | H12: =G12-F12 -> 1195299.6 | I12: =IFERROR(H12/F12,"") -> 2.0697879 | J12: 79.3 | K12: 48.03 | L12: 244 | M12: 5.0802
A13: FAK-KF | B13: Kunstfag | C13: I012 | D13: Institutt/enhet 3 - Kunstfag | E13: 683345.85 | F13: 687594.18 | G13: 2212666.2 | H13: =G13-F13 -> 1525072 | I13: =IFERROR(H13/F13,"") -> 2.2179827 | J13: 35.06 | K13: 21.46 | L13: 290 | M13: 13.5135
... A19: FAK-TR | B19: Teknologi og realfag | C19: I018 | D19: Institutt/enhet 3 - Teknologi og realfag | E19: 474403.46 | F19: 479914.66 | G19: 1543869.8 | H19: =G19-F19 -> 1063955.1 | I19: =IFERROR(H19/F19,"") -> 2.2169673 | J19: 66.65 | K19: 40.74 | L19: 335 | M19: 8.2229
A20: FEL-ADM | B20: Fellesadministrasjon | C20: I019 | D20: Institutt/enhet 1 - Fellesadministrasjon | E20: 613382.86 | F20: 624929.55 | G20: 2459165.7 | H20: =G20-F20 -> 1834236.2 | I20: =IFERROR(H20/F20,"") -> 2.9351087 | J20: 104.95 | K20: 4.18
A21: FEL-ADM | B21: Fellesadministrasjon | C21: I020 | D21: Institutt/enhet 2 - Fellesadministrasjon | E21: 585765.44 | F21: 591127.23 | G21: 1580305.7 | H21: =G21-F21 -> 989178.51 | I21: =IFERROR(H21/F21,"") -> 1.6733767 | J21: 108.29 | K21: 4.38

Sheet AccountVariance
A1: Konto | B1: Kontonavn | C1: Kontotype | D1: SRS_regnskapslinje | E1: Regnskap | F1: Budsjett | G1: LE | H1: Forecastavvik | I1: ForecastavvikPct
A2: 3230 | B2: Salgsinntekt tjenester, unntatt avgiftsplikt | C2: Inntekt | D2: Salgsinntekt | E2: -5345751.1 | F2: 0 | G2: 0 | H2: =G2-F2 -> 0 | I2: =IFERROR(H2/F2,"")
A3: 3400 | B3: Tilskudd fra Norges forskningsråd | C3: Inntekt | D3: Tilskudd og overforinger | E3: -12901570 | F3: 0 | G3: 0 | H3: =G3-F3 -> 0 | I3: =IFERROR(H3/F3,"")
A4: 3420 | B4: Tilskudd fra EU | C4: Inntekt | D4: Tilskudd og overforinger | E4: -7430967.3 | F4: 0 | G4: 0 | H4: =G4-F4 -> 0 | I4: =IFERROR(H4/F4,"")
A5: 3900 | B5: Inntekt fra bevilgninger | C5: Inntekt | D5: Inntekt fra bevilgninger | E5: -2.1128085e+09 | F5: -2.1387988e+09 | G5: -2.1218383e+09 | H5: =G5-F5 -> 16960521 | I5: =IFERROR(H5/F5,"") -> -0.0079299282
A6: 5000 | B6: Lonn fast ansatte | C6: Kostnad | D6: Lonnskostnader | E6: 1.850469e+08 | F6: 1.852561e+08 | G6: 1.8634781e+08 | H6: =G6-F6 -> 1091713 | I6: =IFERROR(H6/F6,"") -> 0.0058929937
A7: 5050 | B7: Overtid fast ansatte | C7: Kostnad | D7: Lonnskostnader | E7: 1.8534442e+08 | F7: 1.8587393e+08 | G7: 1.8650653e+08 | H7: =G7-F7 -> 632600.59 | I7: =IFERROR(H7/F7,"") -> 0.0034033852
A8: 5080 | B8: Feriepenger | C8: Kostnad | D8: Lonnskostnader | E8: 1.8509732e+08 | F8: 1.8498822e+08 | G8: 1.8627105e+08 | H8: =G8-F8 -> 1282827.4 | I8: =IFERROR(H8/F8,"") -> 0.0069346438
A9: 5100 | B9: Lonn midlertidig ansatte | C9: Kostnad | D9: Lonnskostnader | E9: 1.8447682e+08 | F9: 1.847622e+08 | G9: 1.8535252e+08 | H9: =G9-F9 -> 590322.21 | I9: =IFERROR(H9/F9,"") -> 0.0031950378
A10: 5400 | B10: Arbeidsgiveravgift innberettede ytelser | C10: Kostnad | D10: Lonnskostnader | E10: 1.8527866e+08 | F10: 1.8612266e+08 | G10: 1.8651544e+08 | H10: =G10-F10 -> 392778.94 | I10: =IFERROR(H10/F10,"") -> 0.0021103231
A11: 5420 | B11: Pensjonspremie til SPK | C11: Kostnad | D11: Lonnskostnader | E11: 1.8553492e+08 | F11: 1.8561171e+08 | G11: 1.8619152e+08 | H11: =G11-F11 -> 579811.21 | I11: =IFERROR(H11/F11,"") -> 0.0031237858
A12: 5800 | B12: Refusjon av sykepenger | C12: Kostnad | D12: Lonnskostnader | E12: 1.8661709e+08 | F12: 1.8623298e+08 | G12: 1.8763353e+08 | H12: =G12-F12 -> 1400550 | I12: =IFERROR(H12/F12,"") -> 0.0075204186
A13: 5810 | B13: Refusjon av foreldrepenger | C13: Kostnad | D13: Lonnskostnader | E13: 1.8487274e+08 | F13: 1.8439892e+08 | G13: 1.8560547e+08 | H13: =G13-F13 -> 1206557 | I13: =IFERROR(H13/F13,"") -> 0.0065431893
... A41: 7790 | B41: Annen kostnad | C41: Kostnad | D41: Andre driftskostnader | E41: 21643650 | F41: 21650818 | G41: 21699704 | H41: =G41-F41 -> 48885.63 | I41: =IFERROR(H41/F41,"") -> 0.0022579114

Sheet Projects
A1: Prosjekt | B1: Prosjektnavn | C1: Finansieringstype | D1: Finansieringskilde | E1: Prosjektkategori | F1: Regnskap | G1: Budsjett | H1: LE | I1: Forecastavvik | J1: ForecastavvikPct
A2: DRIFT | B2: Ordinær drift | C2: Bevilgning | D2: KD | E2: Drift | F2: 36295416 | G2: 10747733 | H2: 36793524 | I2: =H2-G2 -> 26045791 | J2: =IFERROR(I2/G2,"") -> 2.4233754
A3: EU001 | B3: Horisont Europa prosjekt | C3: Bidrag | D3: EU | E3: Forskning | F3: -7430967.3 | G3: 0 | H3: 0 | I3: =H3-G3 -> 0 | J3: =IFERROR(I3/G3,"")
A4: EVU001 | B4: Etter- og videreutdanning | C4: Oppdrag | D4: Ekstern | E4: Utdanning | F4: -5345751.1 | G4: 0 | H4: 0 | I4: =H4-G4 -> 0 | J4: =IFERROR(I4/G4,"")
A5: NFR001 | B5: NFR forskningsprosjekt A | C5: Bidrag | D5: NFR | E5: Forskning | F5: -12901570 | G5: 0 | H5: 0 | I5: =H5-G5 -> 0 | J5: =IFERROR(I5/G5,"")

Sheet FTE
A1: Stillingsgruppe | B1: Stillingsgruppenavn | C1: Stillingskategori | D1: Aarsverk | E1: FagligeAarsverk
A2: ADM | B2: Administrativ | C2: Teknisk-administrativ | D2: 493.39 | E2: 0
A3: FORST | B3: Forsteamanuensis/forstelektor | C3: Vitenskapelig | D3: 326.51 | E3: 326.51
A4: PROF | B4: Professor/dosent | C4: Vitenskapelig | D4: 207.29 | E4: 207.29
A5: REKR | B5: Stipendiat/postdoktor | C5: Rekruttering | D5: 127.97 | E5: 127.97
A6: TEK | B6: Teknisk | C6: Teknisk-administrativ | D6: 130.77 | E6: 0

Sheet StudyPrograms
A1: Studieprogram | B1: Studieprogramnavn | C1: Studienivaa | D1: Fakultet | E1: Institutt | F1: PlanlagteStudiepoeng | G1: AvlagteStudiepoeng | H1: SPE60 | I1: RegistrerteStudenter | J1: Maaloppnaaelse
A2: I001BA | B2: Bachelorprogram Institutt/enhet 1 - Handelshoyskolen | C2: Bachelor | D2: FAK-HH | E2: I001 | F2: 22150 | G2: 18744 | H2: 312.397 | I2: 355 | J2: =IFERROR(G2/F2,"") -> 0.84623025
A3: I001MA | B3: Masterprogram Institutt/enhet 1 - Handelshoyskolen | C3: Master | D3: FAK-HH | E3: I001 | F3: 8450 | G3: 7205.6 | H3: 120.096 | I3: 144 | J3: =IFERROR(G3/F3,"") -> 0.85273373
A4: I002BA | B4: Bachelorprogram Institutt/enhet 2 - Handelshoyskolen | C4: Bachelor | D4: FAK-HH | E4: I002 | F4: 21830 | G4: 18891.6 | H4: 314.857 | I4: 363 | J4: =IFERROR(G4/F4,"") -> 0.86539624
A5: I002MA | B5: Masterprogram Institutt/enhet 2 - Handelshoyskolen | C5: Master | D5: FAK-HH | E5: I002 | F5: 9160 | G5: 8066.9 | H5: 134.447 | I5: 153 | J5: =IFERROR(G5/F5,"") -> 0.88066594
A6: I003BA | B6: Bachelorprogram Institutt/enhet 3 - Handelshoyskolen | C6: Bachelor | D6: FAK-HH | E6: I003 | F6: 21110 | G6: 18230.2 | H6: 303.834 | I6: 348 | J6: =IFERROR(G6/F6,"") -> 0.86358124
A7: I003MA | B7: Masterprogram Institutt/enhet 3 - Handelshoyskolen | C7: Master | D7: FAK-HH | E7: I003 | F7: 4710 | G7: 4062.3 | H7: 67.705 | I7: 78 | J7: =IFERROR(G7/F7,"") -> 0.86248408
A8: I004BA | B8: Bachelorprogram Institutt/enhet 1 - Helse- og idrettsvitenskap | C8: Bachelor | D8: FAK-HI | E8: I004 | F8: 8970 | G8: 7686.9 | H8: 128.112 | I8: 150 | J8: =IFERROR(G8/F8,"") -> 0.85695652
A9: I004MA | B9: Masterprogram Institutt/enhet 1 - Helse- og idrettsvitenskap | C9: Master | D9: FAK-HI | E9: I004 | F9: 3350 | G9: 2905.3 | H9: 48.421 | I9: 57 | J9: =IFERROR(G9/F9,"") -> 0.86725373
A10: I005BA | B10: Bachelorprogram Institutt/enhet 2 - Helse- og idrettsvitenskap | C10: Bachelor | D10: FAK-HI | E10: I005 | F10: 11975 | G10: 10181.3 | H10: 169.689 | I10: 209 | J10: =IFERROR(G10/F10,"") -> 0.85021294
A11: I005MA | B11: Masterprogram Institutt/enhet 2 - Helse- og idrettsvitenskap | C11: Master | D11: FAK-HI | E11: I005 | F11: 3650 | G11: 3128 | H11: 52.133 | I11: 60 | J11: =IFERROR(G11/F11,"") -> 0.8569863
A12: I006BA | B12: Bachelorprogram Institutt/enhet 3 - Helse- og idrettsvitenskap | C12: Bachelor | D12: FAK-HI | E12: I006 | F12: 15700 | G12: 13444.4 | H12: 224.072 | I12: 257 | J12: =IFERROR(G12/F12,"") -> 0.85633121
A13: I006MA | B13: Masterprogram Institutt/enhet 3 - Helse- og idrettsvitenskap | C13: Master | D13: FAK-HI | E13: I006 | F13: 5285 | G13: 4457.1 | H13: 74.282 | I13: 84 | J13: =IFERROR(G13/F13,"") -> 0.8433491
... A37: I018MA | B37: Masterprogram Institutt/enhet 3 - Teknologi og realfag | C37: Master | D37: FAK-TR | E37: I018 | F37: 7365 | G37: 6353.3 | H37: 105.891 | I37: 122 | J37: =IFERROR(G37/F37,"") -> 0.86263408

Sheet Actions
A1: TiltakID | B1: Fakultet | C1: Institutt | D1: Organisasjonsnokkel | E1: Prosjekt | F1: Prosjektnavn | G1: Konto | H1: Kontonavn | I1: Avviksarsak | J1: Tiltaksbeskrivelse | K1: AnsvarligRolle | L1: StartDatoNokkel | M1: FristDatoNokkel | N1: ForventetEffekt | O1: RealisertEffekt | P1: Status | Q1: Prioritet | R1: Sannsynlighet
A2: T001 | B2: FAK-HH | C2: I001 | D2: I001K1 | E2: DRIFT | F2: Ordinær drift | G2: 5000 | H2: Lonn fast ansatte | I2: Hoyere driftskostnader | J2: Reforhandle innkjop | K2: Instituttleder | L2: 20260901 | M2: 20261215 | N2: -855000 | O2: -512578.02 | P2: Forsinket | Q2: Hoy | R2: 0.76
A3: T002 | B3: FAK-HH | C3: I002 | D3: I002K1 | E3: DRIFT | F3: Ordinær drift | G3: 5000 | H3: Lonn fast ansatte | I3: Lavere eksterninntekt | J3: Reforhandle innkjop | K3: Instituttleder | L3: 20260901 | M3: 20261215 | N3: -662000 | O3: -371503.34 | P3: Planlagt | Q3: Hoy | R3: 0.83
A4: T003 | B4: FAK-HH | C4: I003 | D4: I003K1 | E4: DRIFT | F4: Ordinær drift | G4: 5000 | H4: Lonn fast ansatte | I4: Bemanning over plan | J4: Vakansestyring | K4: Instituttleder | L4: 20260901 | M4: 20261215 | N4: -774000 | O4: -289014.81 | P4: Forsinket | Q4: Middels | R4: 0.74
A5: T004 | B5: FAK-HI | C5: I004 | D5: I004K1 | E5: DRIFT | F5: Ordinær drift | G5: 5000 | H5: Lonn fast ansatte | I5: Hoyere driftskostnader | J5: Reforhandle innkjop | K5: Instituttleder | L5: 20260901 | M5: 20261215 | N5: -244000 | O5: -155453.53 | P5: Gjennomfort | Q5: Middels | R5: 0.9
A6: T005 | B6: FAK-HI | C6: I005 | D6: I005K1 | E6: DRIFT | F6: Ordinær drift | G6: 5000 | H6: Lonn fast ansatte | I6: Bemanning over plan | J6: Vakansestyring | K6: Instituttleder | L6: 20260901 | M6: 20261215 | N6: -647000 | O6: -198703.79 | P6: Forsinket | Q6: Hoy | R6: 0.91
A7: T006 | B7: FAK-HI | C7: I006 | D7: I006K1 | E7: DRIFT | F7: Ordinær drift | G7: 5000 | H7: Lonn fast ansatte | I7: Hoyere driftskostnader | J7: Aktiv prosjektoppfolging | K7: Instituttleder | L7: 20260901 | M7: 20261215 | N7: -675000 | O7: -383727.31 | P7: Pagar | Q7: Hoy | R7: 0.76
A8: T007 | B8: FAK-HP | C8: I007 | D8: I007K1 | E8: DRIFT | F8: Ordinær drift | G8: 5000 | H8: Lonn fast ansatte | I8: Lavere eksterninntekt | J8: Reforhandle innkjop | K8: Instituttleder | L8: 20260901 | M8: 20261215 | N8: -723000 | O8: -565012.46 | P8: Planlagt | Q8: Hoy | R8: 0.72
A9: T008 | B9: FAK-HP | C9: I008 | D9: I008K1 | E9: DRIFT | F9: Ordinær drift | G9: 5000 | H9: Lonn fast ansatte | I9: Bemanning over plan | J9: Vakansestyring | K9: Instituttleder | L9: 20260901 | M9: 20261215 | N9: -294000 | O9: -194983.37 | P9: Gjennomfort | Q9: Middels | R9: 0.89
A10: T009 | B10: FAK-HP | C10: I009 | D10: I009K1 | E10: DRIFT | F10: Ordinær drift | G10: 5000 | H10: Lonn fast ansatte | I10: Bemanning over plan | J10: Reforhandle innkjop | K10: Instituttleder | L10: 20260901 | M10: 20261215 | N10: -289000 | O10: -128220.68 | P10: Forsinket | Q10: Hoy | R10: 0.94
A11: T010 | B11: FAK-KF | C11: I010 | D11: I010K1 | E11: DRIFT | F11: Ordinær drift | G11: 5000 | H11: Lonn fast ansatte | I11: Bemanning over plan | J11: Aktiv prosjektoppfolging | K11: Instituttleder | L11: 20260901 | M11: 20261215 | N11: -752000 | O11: -425904.69 | P11: Pagar | Q11: Middels | R11: 0.9
A12: T011 | B12: FAK-KF | C12: I011 | D12: I011K1 | E12: DRIFT | F12: Ordinær drift | G12: 5000 | H12: Lonn fast ansatte | I12: Hoyere driftskostnader | J12: Vakansestyring | K12: Instituttleder | L12: 20260901 | M12: 20261215 | N12: -873000 | O12: -696226.86 | P12: Pagar | Q12: Middels | R12: 0.9
A13: T012 | B13: FAK-KF | C13: I012 | D13: I012K1 | E13: DRIFT | F13: Ordinær drift | G13: 5000 | H13: Lonn fast ansatte | I13: Bemanning over plan | J13: Vakansestyring | K13: Instituttleder | L13: 20260901 | M13: 20261215 | N13: -569000 | O13: -367296.51 | P13: Planlagt | Q13: Middels | R13: 0.93
... A17: T016 | B17: FAK-TR | C17: I016 | D17: I016K1 | E17: DRIFT | F17: Ordinær drift | G17: 5000 | H17: Lonn fast ansatte | I17: Hoyere driftskostnader | J17: Vakansestyring | K17: Instituttleder | L17: 20260901 | M17: 20261215 | N17: -952000 | O17: -527236.64 | P17: Gjennomfort | Q17: Hoy | R17: 0.81

Sheet ActionStatus
A1: Status | B1: ForventetEffekt | C1: RealisertEffekt | D1: Antall
A2: Forsinket | B2: -2565000 | C2: -1128517.3 | D2: 4
A3: Gjennomfort | B3: -1907000 | C3: -1145489.6 | D3: 4
A4: Pagar | B4: -3579000 | C4: -1984262.4 | D4: 5
A5: Planlagt | B5: -1954000 | C5: -1303812.3 | D5: 3

Sheet QA
A1: Relasjon | B1: Faktarader | C1: Orphans | D1: Status | F1: QA Status | G1: Relasjonstester | H1: Orphans
A2: DimDate[DatoNokkel] → FactGL[DatoNokkel] | B2: 35760 | C2: 0 | D2: OK | F2: =IF(SUM(C2:C23)=0,"PASS","FAIL") -> PASS | G2: =ROWS(A2:A23) -> 22 | H2: =SUM(C2:C23) -> 0
A3: DimOrganization[Organisasjonsnokkel] → FactGL[Organisasjonsnokkel] | B3: 35760 | C3: 0 | D3: OK
A4: DimAccount[Konto] → FactGL[Konto] | B4: 35760 | C4: 0 | D4: OK
A5: DimProject[Prosjekt] → FactGL[Prosjekt] | B5: 35760 | C5: 0 | D5: OK
A6: DimDate[DatoNokkel] → FactBudget[DatoNokkel] | B6: 17760 | C6: 0 | D6: OK
A7: DimOrganization[Organisasjonsnokkel] → FactBudget[Organisasjonsnokkel] | B7: 17760 | C7: 0 | D7: OK
A8: DimAccount[Konto] → FactBudget[Konto] | B8: 17760 | C8: 0 | D8: OK
A9: DimProject[Prosjekt] → FactBudget[Prosjekt] | B9: 17760 | C9: 0 | D9: OK
A10: DimDate[DatoNokkel] → FactForecast[DatoNokkel] | B10: 53280 | C10: 0 | D10: OK
A11: DimOrganization[Organisasjonsnokkel] → FactForecast[Organisasjonsnokkel] | B11: 53280 | C11: 0 | D11: OK
A12: DimAccount[Konto] → FactForecast[Konto] | B12: 53280 | C12: 0 | D12: OK
A13: DimProject[Prosjekt] → FactForecast[Prosjekt] | B13: 53280 | C13: 0 | D13: OK
A14: DimForecastVersion[Versjon] → FactForecast[Versjon] | B14: 53280 | C14: 0 | D14: OK
... A23: DimProject[Prosjekt] → FactAction[Prosjekt] | B23: 16 | C23: 0 | D23: OK

Sheet Relationships
A1: FraTabell | B1: FraKolonne | C1: TilTabell | D1: TilKolonne | E1: Kardinalitet | F1: Kryssfiltrering | G1: Status
A2: DimDate | B2: DatoNokkel | C2: FactGL | D2: DatoNokkel | E2: 1:* | F2: Single | G2: Active
A3: DimOrganization | B3: Organisasjonsnokkel | C3: FactGL | D3: Organisasjonsnokkel | E3: 1:* | F3: Single | G3: Active
A4: DimAccount | B4: Konto | C4: FactGL | D4: Konto | E4: 1:* | F4: Single | G4: Active
A5: DimProject | B5: Prosjekt | C5: FactGL | D5: Prosjekt | E5: 1:* | F5: Single | G5: Active
A6: DimDate | B6: DatoNokkel | C6: FactBudget | D6: DatoNokkel | E6: 1:* | F6: Single | G6: Active
A7: DimOrganization | B7: Organisasjonsnokkel | C7: FactBudget | D7: Organisasjonsnokkel | E7: 1:* | F7: Single | G7: Active
A8: DimAccount | B8: Konto | C8: FactBudget | D8: Konto | E8: 1:* | F8: Single | G8: Active
A9: DimProject | B9: Prosjekt | C9: FactBudget | D9: Prosjekt | E9: 1:* | F9: Single | G9: Active
A10: DimDate | B10: DatoNokkel | C10: FactForecast | D10: DatoNokkel | E10: 1:* | F10: Single | G10: Active
A11: DimOrganization | B11: Organisasjonsnokkel | C11: FactForecast | D11: Organisasjonsnokkel | E11: 1:* | F11: Single | G11: Active
A12: DimAccount | B12: Konto | C12: FactForecast | D12: Konto | E12: 1:* | F12: Single | G12: Active
... A23: DimProject | B23: Prosjekt | C23: FactAction | D23: Prosjekt | E23: 1:* | F23: Single | G23: Active

Sheet ModelGuide
A1: Tabell | B1: Type | C1: Rader | D1: Kolonner | E1: Felt | G1: Modellimplementering
A2: Relationships | B2: Metadata | C2: 22 | D2: 7 | E2: FraTabell, FraKolonne, TilTabell, TilKolonne, Kardinalitet, Kryssfiltrering, Status | G2: Excel-versjonen bruker alle 109 396 leverte kilderader til avstemte analyse- og drill-through-tabeller. Store faktatabeller er oppsummert etter måned, fakultet, institutt, konto, prosjekt og studieprogram; dimensjoner, tiltak, relasjoner og glossary ligger som komplette tabeller.
A3: DimStudyProgram | B3: Dimensjon | C3: 36 | D3: 6 | E3: Studieprogram, Studieprogramnavn, Studienivaa, NormerteStudiepoeng, Institutt, Fakultet
A4: DimOrganization | B4: Dimensjon | C4: 40 | D4: 8 | E4: Organisasjonsnokkel, Fakultet, Fakultetsnavn, Institutt, Instituttnavn, Koststed, Koststednavn, Koststedtype
A5: FactBudget | B5: Fakta | C5: 17760 | D5: 6 | E5: DatoNokkel, Organisasjonsnokkel, Konto, Prosjekt, BudsjettBelop, Scenario
A6: FactGL | B6: Fakta | C6: 35760 | D6: 8 | E6: Bilag, DatoNokkel, Organisasjonsnokkel, Konto, Prosjekt, Belop_signert, Tekst, Datakilde
A7: FactForecast | B7: Fakta | C7: 53280 | D7: 9 | E7: DatoNokkel, Organisasjonsnokkel, Konto, Prosjekt, Versjon, ForecastBelop, Datastatus, Sannsynlighet, Kommentar
A8: DimGlossary | B8: Dimensjon | C8: 60 | D8: 9 | E8: BegrepID, Begrep, FulltNavn, Kategori, Definisjon, PraktiskTolkning, FormelDAX, RolleKontekst, RelevantRapport
A9: DimForecastVersion | B9: Dimensjon | C9: 3 | D9: 3 | E9: Versjon, Versjonsnavn, Sortering
A10: DimDate | B10: Dimensjon | C10: 730 | D10: 7 | E10: Dato, DatoNokkel, Aar, Kvartal, MaanedNr, AarMaaned, MaanedStart
A11: DimAccount | B11: Dimensjon | C11: 46 | D11: 8 | E11: Konto, StandardKonto3, Kontonavn, Kontoklasse, Kontogruppe, Kontotype, SRS_regnskapslinje, AktuellFor
A12: DimProject | B12: Dimensjon | C12: 6 | D12: 5 | E12: Prosjekt, Prosjektnavn, Finansieringstype, Finansieringskilde, Prosjektkategori
A13: DimPositionGroup | B13: Dimensjon | C13: 5 | D13: 3 | E13: Stillingsgruppe, Stillingsgruppenavn, Stillingskategori
A14: FactStudyPoints | B14: Fakta | C14: 432 | D14: 8 | E14: DatoNokkel, Organisasjonsnokkel, Studieprogram, RegistrerteStudenter, PlanlagteStudiepoeng, AvlagteStudiepoeng, SPE60, BestattAndel
... A16: FactFTE | B16: Fakta | C16: 1200 | D16: 6 | E16: DatoNokkel, Organisasjonsnokkel, Stillingsgruppe, Aarsverk, FagligeAarsverk, Scenario

Sheet Glossary
A1: BegrepID | B1: Begrep | C1: FulltNavn | D1: Kategori | E1: Definisjon | F1: PraktiskTolkning | G1: FormelDAX | H1: RolleKontekst | I1: RelevantRapport
A2: 1 | B2: Actual | C2: Faktisk bokført regnskap | D2: 01 Regnskap & Sektor | E2: Faktisk påløpte inntekter og kostnader registrert i virksomhetens hovedbok (FactGL). | F2: Brukes som fasit for historisk ressursbruk og måles mot periodisert budsjett og prognose. | G2: SUM(FactGL[Belop_signert]) | H2: Alle roller | I2: 08 Controller Cockpit
A3: 2 | B3: Artskonto | C3: Standard artskonto | D3: 01 Regnskap & Sektor | E3: Firesifret tallkode som spesifiserer transaksjonens økonomiske art iht. DFØ standard kontoplan. | F3: Gjør det mulig å drille ned fra regnskapslinjer til kostnadsbærere. | G3: DimAccount[Konto] | H3: Controller | I3: 08 Controller Cockpit
A4: 3 | B4: Avskrivninger | C4: Verdireduksjon anleggsmidler | D4: 01 Regnskap & Sektor | E4: Periodisering av anskaffelseskost over driftsmidlets økonomiske levetid iht. SRS 17. | F4: Påvirker resultatet uten direkte likviditetsutgang i perioden. | G4: CALCULATE([Regnskap], DimAccount[SRS_regnskapslinje]=Avskrivninger) | H4: Ledelse / Styret | I4: 03 Executive
A5: 4 | B5: Avvik YTD | C5: Akkumulert regnskapsavvik | D5: 03 Prognose & Avvik | E5: Differansen mellom akkumulert regnskap og periodisert budsjett fra januar til nå. | F5: Negativt kostnadsavvik er mindreforbruk; positivt er merforbruk. | G5: [Regnskap YTD] - [Budsjett YTD] | H5: Alle roller | I5: 08 Controller Cockpit
A6: 5 | B6: Avvik YTD RAG Status | C6: RAG-status regnskapsavvik | D6: 07 RAG & Farger | E6: Trafikklysindikator for akkumulert avvik mot budsjett. | F6: Rød >5%, gul 2–5%, grønn <=2%. | G6: SWITCH(TRUE(), [Avvik YTD %] > 0.05, Rød, [Avvik YTD %] >= 0.02, Gul, Grønn) | H6: Controller / Dekan | I6: 08 Controller Cockpit
A7: 6 | B7: BAC | C7: Budget at Completion | D7: 02 Prosjektcontrolling (EVM) | E7: Opprinnelig vedtatt total kostnadsramme. | F7: Baseline som sluttkostnad måles mot. | G7: [Aarsbudsjett] | H7: Project Controller / Dekan | I7: DT Prosjekt EVM
A8: 7 | B8: Bevilgningsinntekt | C8: Statlig rammebevilgning | D8: 01 Regnskap & Sektor | E8: Ordinær bevilgning fra Kunnskapsdepartementet. | F8: Periodiseres etter SRS 10. | G8: CALCULATE(-[Regnskap], konto-filter) | H8: Styret / Ledelse | I8: 04 Styret
A9: 8 | B9: BFV | C9: Bevilgningsfinansiert virksomhet | D9: 01 Regnskap & Sektor | E9: Kjerneaktivitet dekket av statstilskuddet. | F9: Krever stram rammeoppfølging. | G9: DimProject[Finansieringstype] = Drift | H9: Alle roller | I9: 03 Executive
A10: 9 | B10: Bidrag | C10: Bidragsforskning | D10: 01 Regnskap & Sektor | E10: Eksternfinansierte prosjekter uten kommersiell motytelse. | F10: Typiske bidragsytere er NFR og EU. | G10: DimProject[Finansieringstype] = Bidrag | H10: Forskningsledelse | I10: 05 Forskning & BOA
A11: 10 | B11: BOA | C11: Bidrags- og oppdragsfinansiert aktivitet | D11: 01 Regnskap & Sektor | E11: All eksternt finansiert forskning, utvikling og oppdragsvirksomhet. | F11: Strategisk vekstområde og finansielt handlingsrom. | G11: [BOA inntekter] | H11: Forskningsledelse | I11: 05 Forskning & BOA
A12: 11 | B12: BOA-finansieringsandel % | C12: Eksternfinansieringsgrad | D12: 01 Regnskap & Sektor | E12: Andel av totale inntekter fra BOA-prosjekter. | F12: Måler evnen til å hente konkurranseutsatt finansiering. | G12: DIVIDE([BOA inntekter], [Inntekter]) | H12: Styret / Ledelse | I12: 04 Styret
A13: 12 | B13: Budget | C13: Vedtatt årsbudsjett | D13: 01 Regnskap & Sektor | E13: Økonomisk handlingsplan vedtatt før året. | F13: Låses som BAC og periodiseres. | G13: SUM(FactBudget[BudsjettBelop]) | H13: Alle roller | I13: 03 Executive
... A61: 60 | B61: YTD | C61: Year to Date | D61: 01 Regnskap & Sektor | E61: Akkumulert beløp fra 1. januar til rapporteringsdato. | F61: Gir et stabilt utviklingsbilde. | G61: TOTALYTD([Regnskap], DimDate[Dato]) | H61: Alle roller | I61: 08 Controller Cockpit

Sheet DimDate
A1: Dato | B1: DatoNokkel | C1: Aar | D1: Kvartal | E1: MaanedNr | F1: AarMaaned | G1: MaanedStart
A2: 46023 | B2: 20260101 | C2: 2026 | D2: K1 | E2: 1 | F2: 2026-01 | G2: 46023
A3: 46024 | B3: 20260102 | C3: 2026 | D3: K1 | E3: 1 | F3: 2026-01 | G3: 46023
A4: 46025 | B4: 20260103 | C4: 2026 | D4: K1 | E4: 1 | F4: 2026-01 | G4: 46023
A5: 46026 | B5: 20260104 | C5: 2026 | D5: K1 | E5: 1 | F5: 2026-01 | G5: 46023
A6: 46027 | B6: 20260105 | C6: 2026 | D6: K1 | E6: 1 | F6: 2026-01 | G6: 46023
A7: 46028 | B7: 20260106 | C7: 2026 | D7: K1 | E7: 1 | F7: 2026-01 | G7: 46023
A8: 46029 | B8: 20260107 | C8: 2026 | D8: K1 | E8: 1 | F8: 2026-01 | G8: 46023
A9: 46030 | B9: 20260108 | C9: 2026 | D9: K1 | E9: 1 | F9: 2026-01 | G9: 46023
A10: 46031 | B10: 20260109 | C10: 2026 | D10: K1 | E10: 1 | F10: 2026-01 | G10: 46023
A11: 46032 | B11: 20260110 | C11: 2026 | D11: K1 | E11: 1 | F11: 2026-01 | G11: 46023
A12: 46033 | B12: 20260111 | C12: 2026 | D12: K1 | E12: 1 | F12: 2026-01 | G12: 46023
A13: 46034 | B13: 20260112 | C13: 2026 | D13: K1 | E13: 1 | F13: 2026-01 | G13: 46023
... A731: 46752 | B731: 20271231 | C731: 2027 | D731: K4 | E731: 12 | F731: 2027-12 | G731: 46722

Sheet DimOrganization
A1: Organisasjonsnokkel | B1: Fakultet | C1: Fakultetsnavn | D1: Institutt | E1: Instituttnavn | F1: Koststed | G1: Koststednavn | H1: Koststedtype
A2: I001K1 | B2: FAK-HH | C2: Handelshoyskolen | D2: I001 | E2: Institutt/enhet 1 - Handelshoyskolen | F2: I001K1 | G2: Institutt/enhet 1 - Handelshoyskolen - drift | H2: Drift
A3: I001K2 | B3: FAK-HH | C3: Handelshoyskolen | D3: I001 | E3: Institutt/enhet 1 - Handelshoyskolen | F3: I001K2 | G3: Institutt/enhet 1 - Handelshoyskolen - prosjekt | H3: Prosjekt
A4: I002K1 | B4: FAK-HH | C4: Handelshoyskolen | D4: I002 | E4: Institutt/enhet 2 - Handelshoyskolen | F4: I002K1 | G4: Institutt/enhet 2 - Handelshoyskolen - drift | H4: Drift
A5: I002K2 | B5: FAK-HH | C5: Handelshoyskolen | D5: I002 | E5: Institutt/enhet 2 - Handelshoyskolen | F5: I002K2 | G5: Institutt/enhet 2 - Handelshoyskolen - prosjekt | H5: Prosjekt
A6: I003K1 | B6: FAK-HH | C6: Handelshoyskolen | D6: I003 | E6: Institutt/enhet 3 - Handelshoyskolen | F6: I003K1 | G6: Institutt/enhet 3 - Handelshoyskolen - drift | H6: Drift
A7: I003K2 | B7: FAK-HH | C7: Handelshoyskolen | D7: I003 | E7: Institutt/enhet 3 - Handelshoyskolen | F7: I003K2 | G7: Institutt/enhet 3 - Handelshoyskolen - prosjekt | H7: Prosjekt
A8: I004K1 | B8: FAK-HI | C8: Helse- og idrettsvitenskap | D8: I004 | E8: Institutt/enhet 1 - Helse- og idrettsvitenskap | F8: I004K1 | G8: Institutt/enhet 1 - Helse- og idrettsvitenskap - drift | H8: Drift
A9: I004K2 | B9: FAK-HI | C9: Helse- og idrettsvitenskap | D9: I004 | E9: Institutt/enhet 1 - Helse- og idrettsvitenskap | F9: I004K2 | G9: Institutt/enhet 1 - Helse- og idrettsvitenskap - prosjekt | H9: Prosjekt
A10: I005K1 | B10: FAK-HI | C10: Helse- og idrettsvitenskap | D10: I005 | E10: Institutt/enhet 2 - Helse- og idrettsvitenskap | F10: I005K1 | G10: Institutt/enhet 2 - Helse- og idrettsvitenskap - drift | H10: Drift
A11: I005K2 | B11: FAK-HI | C11: Helse- og idrettsvitenskap | D11: I005 | E11: Institutt/enhet 2 - Helse- og idrettsvitenskap | F11: I005K2 | G11: Institutt/enhet 2 - Helse- og idrettsvitenskap - prosjekt | H11: Prosjekt
A12: I006K1 | B12: FAK-HI | C12: Helse- og idrettsvitenskap | D12: I006 | E12: Institutt/enhet 3 - Helse- og idrettsvitenskap | F12: I006K1 | G12: Institutt/enhet 3 - Helse- og idrettsvitenskap - drift | H12: Drift
... A41: I020K2 | B41: FEL-ADM | C41: Fellesadministrasjon | D41: I020 | E41: Institutt/enhet 2 - Fellesadministrasjon | F41: I020K2 | G41: Institutt/enhet 2 - Fellesadministrasjon - prosjekt | H41: Prosjekt

Sheet DimAccount
A1: Konto | B1: StandardKonto3 | C1: Kontonavn | D1: Kontoklasse | E1: Kontogruppe | F1: Kontotype | G1: SRS_regnskapslinje | H1: AktuellFor
A2: 3030 | B2: 303 | C2: Salgsinntekt tjenester, avgiftspliktig | D2: 3 | E2: 30 | F2: Inntekt | G2: Salgsinntekt | H2: SRS/Alle
A3: 3130 | B3: 313 | C3: Salgsinntekt tjenester, avgiftsfri | D3: 3 | E3: 31 | F3: Inntekt | G3: Salgsinntekt | H3: SRS/Alle
A4: 3230 | B4: 323 | C4: Salgsinntekt tjenester, unntatt avgiftsplikt | D4: 3 | E4: 32 | F4: Inntekt | G4: Salgsinntekt | H4: SRS/Alle
A5: 3400 | B5: 340 | C5: Tilskudd fra Norges forskningsråd | D5: 3 | E5: 34 | F5: Inntekt | G5: Tilskudd og overforinger | H5: SRS/Alle
A6: 3410 | B6: 341 | C6: Tilskudd fra andre statlige virksomheter | D6: 3 | E6: 34 | F6: Inntekt | G6: Tilskudd og overforinger | H6: SRS/Alle
A7: 3420 | B7: 342 | C7: Tilskudd fra EU | D7: 3 | E7: 34 | F7: Inntekt | G7: Tilskudd og overforinger | H7: SRS/Alle
A8: 3450 | B8: 345 | C8: Tilskudd fra naeringsliv og private | D8: 3 | E8: 34 | F8: Inntekt | G8: Tilskudd og overforinger | H8: SRS/Alle
A9: 3490 | B9: 349 | C9: Andre tilskudd og overforinger | D9: 3 | E9: 34 | F9: Inntekt | G9: Tilskudd og overforinger | H9: SRS/Alle
A10: 3670 | B10: 367 | C10: Annen driftsrelatert inntekt | D10: 3 | E10: 36 | F10: Inntekt | G10: Andre driftsinntekter | H10: SRS/Alle
A11: 3900 | B11: 390 | C11: Inntekt fra bevilgninger | D11: 3 | E11: 39 | F11: Inntekt | G11: Inntekt fra bevilgninger | H11: SRS/Alle
A12: 5000 | B12: 500 | C12: Lonn fast ansatte | D12: 5 | E12: 50 | F12: Kostnad | G12: Lonnskostnader | H12: SRS/Alle
A13: 5050 | B13: 505 | C13: Overtid fast ansatte | D13: 5 | E13: 50 | F13: Kostnad | G13: Lonnskostnader | H13: SRS/Alle
... A47: 7790 | B47: 779 | C47: Annen kostnad | D47: 7 | E47: 77 | F47: Kostnad | G47: Andre driftskostnader | H47: SRS/Alle

Sheet DimProject
A1: Prosjekt | B1: Prosjektnavn | C1: Finansieringstype | D1: Finansieringskilde | E1: Prosjektkategori
A2: DRIFT | B2: Ordinær drift | C2: Bevilgning | D2: KD | E2: Drift
A3: NFR001 | B3: NFR forskningsprosjekt A | C3: Bidrag | D3: NFR | E3: Forskning
A4: NFR002 | B4: NFR forskningsprosjekt B | C4: Bidrag | D4: NFR | E4: Forskning
A5: EU001 | B5: Horisont Europa prosjekt | C5: Bidrag | D5: EU | E5: Forskning
A6: EVU001 | B6: Etter- og videreutdanning | C6: Oppdrag | D6: Ekstern | E6: Utdanning
A7: INV001 | B7: Campus/utstyr | C7: Bevilgning | D7: KD | E7: Investering

Sheet DimForecastVersion
A1: Versjon | B1: Versjonsnavn | C1: Sortering
A2: FC1_2026 | B2: Forecast 1 etter april | C2: 1
A3: FC2_2026 | B3: Forecast 2 etter august | C3: 2
A4: LE_2026 | B4: Latest Estimate etter oktober | C4: 3

Sheet DimPositionGroup
A1: Stillingsgruppe | B1: Stillingsgruppenavn | C1: Stillingskategori
A2: PROF | B2: Professor/dosent | C2: Vitenskapelig
A3: FORST | B3: Forsteamanuensis/forstelektor | C3: Vitenskapelig
A4: REKR | B4: Stipendiat/postdoktor | C4: Rekruttering
A5: ADM | B5: Administrativ | C5: Teknisk-administrativ
A6: TEK | B6: Teknisk | C6: Teknisk-administrativ

Sheet DimStudyProgram
A1: Studieprogram | B1: Studieprogramnavn | C1: Studienivaa | D1: NormerteStudiepoeng | E1: Institutt | F1: Fakultet
A2: I001BA | B2: Bachelorprogram Institutt/enhet 1 - Handelshoyskolen | C2: Bachelor | D2: 180 | E2: I001 | F2: FAK-HH
A3: I001MA | B3: Masterprogram Institutt/enhet 1 - Handelshoyskolen | C3: Master | D3: 120 | E3: I001 | F3: FAK-HH
A4: I002BA | B4: Bachelorprogram Institutt/enhet 2 - Handelshoyskolen | C4: Bachelor | D4: 180 | E4: I002 | F4: FAK-HH
A5: I002MA | B5: Masterprogram Institutt/enhet 2 - Handelshoyskolen | C5: Master | D5: 120 | E5: I002 | F5: FAK-HH
A6: I003BA | B6: Bachelorprogram Institutt/enhet 3 - Handelshoyskolen | C6: Bachelor | D6: 180 | E6: I003 | F6: FAK-HH
A7: I003MA | B7: Masterprogram Institutt/enhet 3 - Handelshoyskolen | C7: Master | D7: 120 | E7: I003 | F7: FAK-HH
A8: I004BA | B8: Bachelorprogram Institutt/enhet 1 - Helse- og idrettsvitenskap | C8: Bachelor | D8: 180 | E8: I004 | F8: FAK-HI
A9: I004MA | B9: Masterprogram Institutt/enhet 1 - Helse- og idrettsvitenskap | C9: Master | D9: 120 | E9: I004 | F9: FAK-HI
A10: I005BA | B10: Bachelorprogram Institutt/enhet 2 - Helse- og idrettsvitenskap | C10: Bachelor | D10: 180 | E10: I005 | F10: FAK-HI
A11: I005MA | B11: Masterprogram Institutt/enhet 2 - Helse- og idrettsvitenskap | C11: Master | D11: 120 | E11: I005 | F11: FAK-HI
A12: I006BA | B12: Bachelorprogram Institutt/enhet 3 - Helse- og idrettsvitenskap | C12: Bachelor | D12: 180 | E12: I006 | F12: FAK-HI
A13: I006MA | B13: Masterprogram Institutt/enhet 3 - Helse- og idrettsvitenskap | C13: Master | D13: 120 | E13: I006 | F13: FAK-HI
... A37: I018MA | B37: Masterprogram Institutt/enhet 3 - Teknologi og realfag | C37: Master | D37: 120 | E37: I018 | F37: FAK-TR

Sheet Benchmarks
A1: Nøkkeltall | B1: Verdi | C1: Enhet
A2: Kilderader – totalt | B2: 109396 | C2: rader
A3: FactGL – transaksjoner | B3: 35760 | C3: rader
A4: Bokførte inntekter | B4: 2.1384868e+09 | C4: NOK
A5: Driftskostnader | B5: 2.1491039e+09 | C5: NOK
A6: Netto regnskap | B6: 10617128 | C6: NOK
A7: Årsbudsjett | B7: 10747733 | C7: NOK
A8: Forecast FC1 | B8: 35472636 | C8: NOK
A9: Forecast FC2 | B9: 35956159 | C9: NOK
A10: Latest Estimate | B10: 36793524 | C10: NOK
A11: Forecastavvik | B11: =B10-B7 -> 26045791 | C11: NOK
A12: Forventet tiltakseffekt | B12: -10005000 | C12: NOK
A13: Realisert tiltakseffekt | B13: -5562081.7 | C13: NOK
A14: Realiseringsgrad | B14: =IFERROR(B13/B12,"") -> 0.5559302 | C14: %
A15: Forecast etter tiltak | B15: =B10+B12 -> 26788524 | C15: NOK
A16: Restavvik etter tiltak | B16: =B15-B7 -> 16040791 | C16: NOK
A17: BOA-inntekter | B17: 25678288 | C17: NOK
A18: Årsverk siste måned | B18: 1285.93 | C18: FTE
A19: Faglige årsverk siste måned | B19: 661.77 | C19: FTE
A20: Registrerte studenter siste måned | B20: 6490 | C20: antall
A21: Avlagte studiepoeng helår | B21: 336945.4 | C21: SP
A22: SPE60 helår | B22: 5615.738 | C22: SPE60
